<?xml version="1.0" encoding="UTF-8" standalone="yes"?>
<addon id="repository.tvworks" name="TVWorks" version="1.0" provider-name="tvworks">
    <extension point="xbmc.addon.repository" name="TVWorks">
        <dir>
            <info compressed="false">https://raw.githubusercontent.com/tvworks/repository.tvworks/master/repo/zips/addons.xml</info>
            <checksum>https://raw.githubusercontent.com/tvworks/repository.tvworks/master/repo/zips/addons.xml.md5</checksum>
            <datadir zip="true">https://raw.githubusercontent.com/tvworks/repository.tvworks/master/repo/zips/</datadir>
        </dir>
    </extension>
    <extension point="xbmc.addon.metadata">
        <summary>TVWorks</summary>
        <description>TVWorks Repo</description>
        <disclaimer></disclaimer>
        <platform>all</platform>
        <assets>
            <icon>icon.png</icon>
            <fanart>fanart.jpg</fanart>
        </assets>
    </extension>
</addon>