<?xml version="1.0" encoding="UTF-8"?>
<addon id="plugin.video.vavooto" name="VAVOO.TO" version="2025.11.10" provider-name="kasi,michaz">
	<requires>
		<import addon="script.module.requests" optional="true"/>
		<import addon="script.module.resolveurl" optional="true"/>
		<import addon="script.module.dateutil" optional="true"/>
		<import addon="inputstream.adaptive" optional="true"/> 
		<import addon="inputstream.ffmpegdirect" optional="true"/> 
		<import addon="script.module.infotagger" optional="true"/>
	</requires>
	<extension point="xbmc.python.pluginsource" library="resources/main.py">
		<provides>video</provides>
	</extension>
	<extension point="xbmc.python.module" library="resources" />
	<extension point="xbmc.addon.metadata">
		<assets>
			<icon>icon.png</icon>
		</assets>
	</extension>
</addon>